{"Accuracy": 0.27, "image_quantity_level-Accuracy": {"Few": 0, "Medium": 0.3333333333333333, "Many": 0.2648648648648649}, "image_quantity_level-Result": {"Few": [0, 0], "Medium": [5, 15], "Many": [49, 185]}}