{"Accuracy": 0.415, "image_quantity_level-Accuracy": {"Few": 0.4479166666666667, "Medium": 0.38461538461538464, "Many": 0}, "image_quantity_level-Result": {"Few": [43, 96], "Medium": [40, 104], "Many": [0, 0]}}