{"Accuracy": 0.475, "image_quantity_level-Accuracy": {"Few": 0, "Medium": 0.49193548387096775, "Many": 0.4473684210526316}, "image_quantity_level-Result": {"Few": [0, 0], "Medium": [61, 124], "Many": [34, 76]}}