{"Rouge-L f": 0.16105514165820992, "image_quantity_level-Accuracy": {"Few": 0.16105514165820992, "Medium": 0, "Many": 0}, "image_quantity_level-Result": {"Few": [32.211028331642, 200], "Medium": [0, 0], "Many": [0, 0]}}