{"Accuracy": 0.41, "image_quantity_level-Accuracy": {"Few": 0.42045454545454547, "Medium": 0.3333333333333333, "Many": 0}, "image_quantity_level-Result": {"Few": [74, 176], "Medium": [8, 24], "Many": [0, 0]}}