{"Rouge-L f": 0.15738780448713818, "image_quantity_level-Accuracy": {"Few": 0.15738780448713818, "Medium": 0, "Many": 0}, "image_quantity_level-Result": {"Few": [31.47756089742764, 200], "Medium": [0, 0], "Many": [0, 0]}}