{"Accuracy": 0.425, "image_quantity_level-Accuracy": {"Few": 0, "Medium": 0.423728813559322, "Many": 0.43478260869565216}, "image_quantity_level-Result": {"Few": [0, 0], "Medium": [75, 177], "Many": [10, 23]}}