{"Rouge-L f": 0.28291277985675306, "image_quantity_level-Accuracy": {"Few": 0.28291277985675306, "Medium": 0, "Many": 0}, "image_quantity_level-Result": {"Few": [56.582555971350615, 200], "Medium": [0, 0], "Many": [0, 0]}}