{"Accuracy": 0.41, "image_quantity_level-Accuracy": {"Few": 0, "Medium": 0.3954802259887006, "Many": 0.5217391304347826}, "image_quantity_level-Result": {"Few": [0, 0], "Medium": [70, 177], "Many": [12, 23]}}