{"Accuracy": 0.405, "image_quantity_level-Accuracy": {"Few": 0.42045454545454547, "Medium": 0.2916666666666667, "Many": 0}, "image_quantity_level-Result": {"Few": [74, 176], "Medium": [7, 24], "Many": [0, 0]}}