{"Accuracy": 0.575, "image_quantity_level-Accuracy": {"Few": 0.5675675675675675, "Medium": 0.6666666666666666, "Many": 0}, "image_quantity_level-Result": {"Few": [105, 185], "Medium": [10, 15], "Many": [0, 0]}}