{"Accuracy": 0.565, "image_quantity_level-Accuracy": {"Few": 0.5567567567567567, "Medium": 0.6666666666666666, "Many": 0}, "image_quantity_level-Result": {"Few": [103, 185], "Medium": [10, 15], "Many": [0, 0]}}