{"Accuracy": 0.325, "image_quantity_level-Accuracy": {"Few": 0, "Medium": 0.34814814814814815, "Many": 0.27692307692307694}, "image_quantity_level-Result": {"Few": [0, 0], "Medium": [47, 135], "Many": [18, 65]}}