{"Accuracy": 0.37, "image_quantity_level-Accuracy": {"Few": 0, "Medium": 0.3722627737226277, "Many": 0.36507936507936506}, "image_quantity_level-Result": {"Few": [0, 0], "Medium": [51, 137], "Many": [23, 63]}}