{"Accuracy": 0.43, "image_quantity_level-Accuracy": {"Few": 0.4431818181818182, "Medium": 0.3333333333333333, "Many": 0}, "image_quantity_level-Result": {"Few": [78, 176], "Medium": [8, 24], "Many": [0, 0]}}