{"Rouge-L f": 0.2022048043482166, "image_quantity_level-Accuracy": {"Few": 0.2022048043482166, "Medium": 0, "Many": 0}, "image_quantity_level-Result": {"Few": [40.44096086964334, 200], "Medium": [0, 0], "Many": [0, 0]}}