{"Accuracy": 0.375, "image_quantity_level-Accuracy": {"Few": 0, "Medium": 0.3722627737226277, "Many": 0.38095238095238093}, "image_quantity_level-Result": {"Few": [0, 0], "Medium": [51, 137], "Many": [24, 63]}}