{"Accuracy": 0.445, "image_quantity_level-Accuracy": {"Few": 0.44886363636363635, "Medium": 0.4166666666666667, "Many": 0}, "image_quantity_level-Result": {"Few": [79, 176], "Medium": [10, 24], "Many": [0, 0]}}