{"Accuracy": 0.45, "image_quantity_level-Accuracy": {"Few": 0, "Medium": 0.4306569343065693, "Many": 0.49206349206349204}, "image_quantity_level-Result": {"Few": [0, 0], "Medium": [59, 137], "Many": [31, 63]}}