{"Accuracy": 0.53, "image_quantity_level-Accuracy": {"Few": 0.4696969696969697, "Medium": 0.5597014925373134, "Many": 0}, "image_quantity_level-Result": {"Few": [31, 66], "Medium": [75, 134], "Many": [0, 0]}}