{"Rouge-L f": 0.1879061722575544, "image_quantity_level-Accuracy": {"Few": 0.1879061722575544, "Medium": 0, "Many": 0}, "image_quantity_level-Result": {"Few": [37.581234451510866, 200], "Medium": [0, 0], "Many": [0, 0]}}