{"Rouge-L f": 0.06338479737591583, "image_quantity_level-Accuracy": {"Few": 0.06338479737591583, "Medium": 0, "Many": 0}, "image_quantity_level-Result": {"Few": [12.676959475183164, 200], "Medium": [0, 0], "Many": [0, 0]}}