{"Rouge-L f": 0.298397581960688, "image_quantity_level-Accuracy": {"Few": 0.298397581960688, "Medium": 0, "Many": 0}, "image_quantity_level-Result": {"Few": [59.679516392137565, 200], "Medium": [0, 0], "Many": [0, 0]}}