{"Accuracy": 0.17, "image_quantity_level-Accuracy": {"Few": 0, "Medium": 0.13333333333333333, "Many": 0.17297297297297298}, "image_quantity_level-Result": {"Few": [0, 0], "Medium": [2, 15], "Many": [32, 185]}}