{"Accuracy": 0.33, "image_quantity_level-Accuracy": {"Few": 0, "Medium": 0.3467741935483871, "Many": 0.3026315789473684}, "image_quantity_level-Result": {"Few": [0, 0], "Medium": [43, 124], "Many": [23, 76]}}