{"Accuracy": 0.011666666666666667, "image_quantity_level-Accuracy": {"Few": 0, "Medium": 0.014799154334038054, "Many": 0.0}, "image_quantity_level-Result": {"Few": [0, 0], "Medium": [7, 473], "Many": [0, 127]}}