{"Accuracy": 0.445, "image_quantity_level-Accuracy": {"Few": 0, "Medium": 0.4413793103448276, "Many": 0.45454545454545453}, "image_quantity_level-Result": {"Few": [0, 0], "Medium": [64, 145], "Many": [25, 55]}}