{"Rouge-L f": 0.16404994833116024, "image_quantity_level-Accuracy": {"Few": 0.16404994833116024, "Medium": 0, "Many": 0}, "image_quantity_level-Result": {"Few": [32.80998966623202, 200], "Medium": [0, 0], "Many": [0, 0]}}