{"Rouge-L f": 0.05826241181531369, "image_quantity_level-Accuracy": {"Few": 0.05826241181531369, "Medium": 0, "Many": 0}, "image_quantity_level-Result": {"Few": [11.65248236306274, 200], "Medium": [0, 0], "Many": [0, 0]}}