{"Rouge-L f": 0.157726513589214, "image_quantity_level-Accuracy": {"Few": 0.157726513589214, "Medium": 0, "Many": 0}, "image_quantity_level-Result": {"Few": [31.54530271784281, 200], "Medium": [0, 0], "Many": [0, 0]}}