{"Rouge-L f": 0.15827155055646014, "image_quantity_level-Accuracy": {"Few": 0.15827155055646014, "Medium": 0, "Many": 0}, "image_quantity_level-Result": {"Few": [31.65431011129206, 200], "Medium": [0, 0], "Many": [0, 0]}}