{"Accuracy": 0.37, "image_quantity_level-Accuracy": {"Few": 0, "Medium": 0.36496350364963503, "Many": 0.38095238095238093}, "image_quantity_level-Result": {"Few": [0, 0], "Medium": [50, 137], "Many": [24, 63]}}