{"Accuracy": 0.365, "image_quantity_level-Accuracy": {"Few": 0, "Medium": 0.3951612903225806, "Many": 0.3157894736842105}, "image_quantity_level-Result": {"Few": [0, 0], "Medium": [49, 124], "Many": [24, 76]}}