{"Rouge-L f": 0.2854121407832813, "image_quantity_level-Accuracy": {"Few": 0.2854121407832813, "Medium": 0, "Many": 0}, "image_quantity_level-Result": {"Few": [57.08242815665627, 200], "Medium": [0, 0], "Many": [0, 0]}}