{"Rouge-L f": 0.16799999329344203, "image_quantity_level-Accuracy": {"Few": 0.16799999329344203, "Medium": 0, "Many": 0}, "image_quantity_level-Result": {"Few": [33.599998658688406, 200], "Medium": [0, 0], "Many": [0, 0]}}