{"Rouge-L f": 0.16028205520193223, "image_quantity_level-Accuracy": {"Few": 0.16028205520193223, "Medium": 0, "Many": 0}, "image_quantity_level-Result": {"Few": [32.05641104038646, 200], "Medium": [0, 0], "Many": [0, 0]}}