{"Accuracy": 0.425, "image_quantity_level-Accuracy": {"Few": 0.42613636363636365, "Medium": 0.4166666666666667, "Many": 0}, "image_quantity_level-Result": {"Few": [75, 176], "Medium": [10, 24], "Many": [0, 0]}}