{"Accuracy": 0.56, "image_quantity_level-Accuracy": {"Few": 0.5513513513513514, "Medium": 0.6666666666666666, "Many": 0}, "image_quantity_level-Result": {"Few": [102, 185], "Medium": [10, 15], "Many": [0, 0]}}