{"Accuracy": 0.32, "image_quantity_level-Accuracy": {"Few": 0, "Medium": 0.34814814814814815, "Many": 0.26153846153846155}, "image_quantity_level-Result": {"Few": [0, 0], "Medium": [47, 135], "Many": [17, 65]}}