{"Accuracy": 0.44, "image_quantity_level-Accuracy": {"Few": 0.4431818181818182, "Medium": 0.4166666666666667, "Many": 0}, "image_quantity_level-Result": {"Few": [78, 176], "Medium": [10, 24], "Many": [0, 0]}}