{"Accuracy": 0.43, "image_quantity_level-Accuracy": {"Few": 0, "Medium": 0.42758620689655175, "Many": 0.43636363636363634}, "image_quantity_level-Result": {"Few": [0, 0], "Medium": [62, 145], "Many": [24, 55]}}