{"Accuracy": 0.175, "image_quantity_level-Accuracy": {"Few": 0, "Medium": 0.1693548387096774, "Many": 0.18421052631578946}, "image_quantity_level-Result": {"Few": [0, 0], "Medium": [21, 124], "Many": [14, 76]}}