{"Rouge-L f": 0.18289385582914208, "image_quantity_level-Accuracy": {"Few": 0.18289385582914208, "Medium": 0, "Many": 0}, "image_quantity_level-Result": {"Few": [36.578771165828435, 200], "Medium": [0, 0], "Many": [0, 0]}}