{"Accuracy": 0.33, "image_quantity_level-Accuracy": {"Few": 0, "Medium": 0.3548387096774194, "Many": 0.2894736842105263}, "image_quantity_level-Result": {"Few": [0, 0], "Medium": [44, 124], "Many": [22, 76]}}