{"Accuracy": 0.505, "image_quantity_level-Accuracy": {"Few": 0.4696969696969697, "Medium": 0.5223880597014925, "Many": 0}, "image_quantity_level-Result": {"Few": [31, 66], "Medium": [70, 134], "Many": [0, 0]}}