{"Accuracy": 0.33, "image_quantity_level-Accuracy": {"Few": 0, "Medium": 0.362962962962963, "Many": 0.26153846153846155}, "image_quantity_level-Result": {"Few": [0, 0], "Medium": [49, 135], "Many": [17, 65]}}