{"Accuracy": 0.435, "image_quantity_level-Accuracy": {"Few": 0, "Medium": 0.4413793103448276, "Many": 0.41818181818181815}, "image_quantity_level-Result": {"Few": [0, 0], "Medium": [64, 145], "Many": [23, 55]}}