{"Accuracy": 0.225, "image_quantity_level-Accuracy": {"Few": 0.22916666666666666, "Medium": 0.22115384615384615, "Many": 0}, "image_quantity_level-Result": {"Few": [22, 96], "Medium": [23, 104], "Many": [0, 0]}}