{"Accuracy": 0.14, "image_quantity_level-Accuracy": {"Few": 0, "Medium": 0.1310344827586207, "Many": 0.16363636363636364}, "image_quantity_level-Result": {"Few": [0, 0], "Medium": [19, 145], "Many": [9, 55]}}