{"Rouge-L f": 0.06997895965539914, "image_quantity_level-Accuracy": {"Few": 0.06997895965539914, "Medium": 0, "Many": 0}, "image_quantity_level-Result": {"Few": [13.99579193107982, 200], "Medium": [0, 0], "Many": [0, 0]}}