{"Accuracy": 0.32, "image_quantity_level-Accuracy": {"Few": 0, "Medium": 0.3018867924528302, "Many": 0.3404255319148936}, "image_quantity_level-Result": {"Few": [0, 0], "Medium": [32, 106], "Many": [32, 94]}}