{"Rouge-L f": 0.15776595473791644, "image_quantity_level-Accuracy": {"Few": 0.15776595473791644, "Medium": 0, "Many": 0}, "image_quantity_level-Result": {"Few": [31.553190947583285, 200], "Medium": [0, 0], "Many": [0, 0]}}