{"Accuracy": 0.52, "image_quantity_level-Accuracy": {"Few": 0.42424242424242425, "Medium": 0.5671641791044776, "Many": 0}, "image_quantity_level-Result": {"Few": [28, 66], "Medium": [76, 134], "Many": [0, 0]}}