{"Rouge-L f": 0.057424626200922466, "image_quantity_level-Accuracy": {"Few": 0.057424626200922466, "Medium": 0, "Many": 0}, "image_quantity_level-Result": {"Few": [11.484925240184488, 200], "Medium": [0, 0], "Many": [0, 0]}}