{"Rouge-L f": 0.07012682844073509, "image_quantity_level-Accuracy": {"Few": 0.07012682844073509, "Medium": 0, "Many": 0}, "image_quantity_level-Result": {"Few": [14.025365688147016, 200], "Medium": [0, 0], "Many": [0, 0]}}