{"Accuracy": 0.65, "image_quantity_level-Accuracy": {"Few": 0.6594594594594595, "Medium": 0.5333333333333333, "Many": 0}, "image_quantity_level-Result": {"Few": [122, 185], "Medium": [8, 15], "Many": [0, 0]}}