{"Rouge-L f": 0.15444695650783236, "image_quantity_level-Accuracy": {"Few": 0.15444695650783236, "Medium": 0, "Many": 0}, "image_quantity_level-Result": {"Few": [30.889391301566476, 200], "Medium": [0, 0], "Many": [0, 0]}}