{"Accuracy": 0.425, "image_quantity_level-Accuracy": {"Few": 0, "Medium": 0.42758620689655175, "Many": 0.41818181818181815}, "image_quantity_level-Result": {"Few": [0, 0], "Medium": [62, 145], "Many": [23, 55]}}