{"Rouge-L f": 0.1540210558893169, "image_quantity_level-Accuracy": {"Few": 0.1540210558893169, "Medium": 0, "Many": 0}, "image_quantity_level-Result": {"Few": [30.804211177863365, 200], "Medium": [0, 0], "Many": [0, 0]}}