{"Accuracy": 0.635, "image_quantity_level-Accuracy": {"Few": 0.6432432432432432, "Medium": 0.5333333333333333, "Many": 0}, "image_quantity_level-Result": {"Few": [119, 185], "Medium": [8, 15], "Many": [0, 0]}}