{"Rouge-L f": 0.1870043539019747, "image_quantity_level-Accuracy": {"Few": 0.1870043539019747, "Medium": 0, "Many": 0}, "image_quantity_level-Result": {"Few": [37.40087078039494, 200], "Medium": [0, 0], "Many": [0, 0]}}