{"Accuracy": 0.49, "image_quantity_level-Accuracy": {"Few": 0, "Medium": 0.46715328467153283, "Many": 0.5396825396825397}, "image_quantity_level-Result": {"Few": [0, 0], "Medium": [64, 137], "Many": [34, 63]}}