{"Accuracy": 0.66, "image_quantity_level-Accuracy": {"Few": 0.6702702702702703, "Medium": 0.5333333333333333, "Many": 0}, "image_quantity_level-Result": {"Few": [124, 185], "Medium": [8, 15], "Many": [0, 0]}}