{"Rouge-L f": 0.1611240091647284, "image_quantity_level-Accuracy": {"Few": 0.1611240091647284, "Medium": 0, "Many": 0}, "image_quantity_level-Result": {"Few": [32.22480183294567, 200], "Medium": [0, 0], "Many": [0, 0]}}