{"Accuracy": 0.63, "image_quantity_level-Accuracy": {"Few": 0.6378378378378379, "Medium": 0.5333333333333333, "Many": 0}, "image_quantity_level-Result": {"Few": [118, 185], "Medium": [8, 15], "Many": [0, 0]}}