{"Rouge-L f": 0.09074345390325, "image_quantity_level-Accuracy": {"Few": 0.09074345390325, "Medium": 0, "Many": 0}, "image_quantity_level-Result": {"Few": [18.148690780650004, 200], "Medium": [0, 0], "Many": [0, 0]}}