{"Accuracy": 0.355, "image_quantity_level-Accuracy": {"Few": 0, "Medium": 0.3790322580645161, "Many": 0.3157894736842105}, "image_quantity_level-Result": {"Few": [0, 0], "Medium": [47, 124], "Many": [24, 76]}}