{"Rouge-L f": 0.15711118603892651, "image_quantity_level-Accuracy": {"Few": 0.15711118603892651, "Medium": 0, "Many": 0}, "image_quantity_level-Result": {"Few": [31.42223720778532, 200], "Medium": [0, 0], "Many": [0, 0]}}