{"Accuracy": 0.3, "image_quantity_level-Accuracy": {"Few": 0, "Medium": 0.3064516129032258, "Many": 0.2894736842105263}, "image_quantity_level-Result": {"Few": [0, 0], "Medium": [38, 124], "Many": [22, 76]}}