{"Rouge-L f": 0.0657087801931599, "image_quantity_level-Accuracy": {"Few": 0.0657087801931599, "Medium": 0, "Many": 0}, "image_quantity_level-Result": {"Few": [13.141756038631973, 200], "Medium": [0, 0], "Many": [0, 0]}}