{"Rouge-L f": 0.1527197199223287, "image_quantity_level-Accuracy": {"Few": 0.1527197199223287, "Medium": 0, "Many": 0}, "image_quantity_level-Result": {"Few": [30.543943984465717, 200], "Medium": [0, 0], "Many": [0, 0]}}