{"Accuracy": 0.435, "image_quantity_level-Accuracy": {"Few": 0, "Medium": 0.43448275862068964, "Many": 0.43636363636363634}, "image_quantity_level-Result": {"Few": [0, 0], "Medium": [63, 145], "Many": [24, 55]}}