{"Accuracy": 0.31, "image_quantity_level-Accuracy": {"Few": 0, "Medium": 0.26666666666666666, "Many": 0.31351351351351353}, "image_quantity_level-Result": {"Few": [0, 0], "Medium": [4, 15], "Many": [58, 185]}}