{"Accuracy": 0.075, "image_quantity_level-Accuracy": {"Few": 0, "Medium": 0.07344632768361582, "Many": 0.08695652173913043}, "image_quantity_level-Result": {"Few": [0, 0], "Medium": [13, 177], "Many": [2, 23]}}