{"Rouge-L f": 0.16808144233184433, "image_quantity_level-Accuracy": {"Few": 0.16808144233184433, "Medium": 0, "Many": 0}, "image_quantity_level-Result": {"Few": [33.61628846636885, 200], "Medium": [0, 0], "Many": [0, 0]}}