{"Accuracy": 0.0033333333333333335, "image_quantity_level-Accuracy": {"Few": 0, "Medium": 0.004228329809725159, "Many": 0.0}, "image_quantity_level-Result": {"Few": [0, 0], "Medium": [2, 473], "Many": [0, 127]}}