{"Accuracy": 0.625, "image_quantity_level-Accuracy": {"Few": 0.6216216216216216, "Medium": 0.6666666666666666, "Many": 0}, "image_quantity_level-Result": {"Few": [115, 185], "Medium": [10, 15], "Many": [0, 0]}}