{"Rouge-L f": 0.287264077497403, "image_quantity_level-Accuracy": {"Few": 0.287264077497403, "Medium": 0, "Many": 0}, "image_quantity_level-Result": {"Few": [57.45281549948061, 200], "Medium": [0, 0], "Many": [0, 0]}}