{"Accuracy": 0.375, "image_quantity_level-Accuracy": {"Few": 0, "Medium": 0.36496350364963503, "Many": 0.3968253968253968}, "image_quantity_level-Result": {"Few": [0, 0], "Medium": [50, 137], "Many": [25, 63]}}