{"Accuracy": 0.445, "image_quantity_level-Accuracy": {"Few": 0, "Medium": 0.43448275862068964, "Many": 0.4727272727272727}, "image_quantity_level-Result": {"Few": [0, 0], "Medium": [63, 145], "Many": [26, 55]}}