{"Accuracy": 0.315, "image_quantity_level-Accuracy": {"Few": 0, "Medium": 0.3113207547169811, "Many": 0.3191489361702128}, "image_quantity_level-Result": {"Few": [0, 0], "Medium": [33, 106], "Many": [30, 94]}}