{"Accuracy": 0.415, "image_quantity_level-Accuracy": {"Few": 0, "Medium": 0.4124293785310734, "Many": 0.43478260869565216}, "image_quantity_level-Result": {"Few": [0, 0], "Medium": [73, 177], "Many": [10, 23]}}