{"Accuracy": 0.18, "image_quantity_level-Accuracy": {"Few": 0.18181818181818182, "Medium": 0.16666666666666666, "Many": 0}, "image_quantity_level-Result": {"Few": [32, 176], "Medium": [4, 24], "Many": [0, 0]}}