{"Accuracy": 0.31, "image_quantity_level-Accuracy": {"Few": 0, "Medium": 0.34074074074074073, "Many": 0.24615384615384617}, "image_quantity_level-Result": {"Few": [0, 0], "Medium": [46, 135], "Many": [16, 65]}}