{"Accuracy": 0.34, "image_quantity_level-Accuracy": {"Few": 0, "Medium": 0.37777777777777777, "Many": 0.26153846153846155}, "image_quantity_level-Result": {"Few": [0, 0], "Medium": [51, 135], "Many": [17, 65]}}