{"Accuracy": 0.085, "image_quantity_level-Accuracy": {"Few": 0, "Medium": 0.09433962264150944, "Many": 0.07446808510638298}, "image_quantity_level-Result": {"Few": [0, 0], "Medium": [10, 106], "Many": [7, 94]}}