{"Accuracy": 0.38, "image_quantity_level-Accuracy": {"Few": 0.4270833333333333, "Medium": 0.33653846153846156, "Many": 0}, "image_quantity_level-Result": {"Few": [41, 96], "Medium": [35, 104], "Many": [0, 0]}}