{"Accuracy": 0.275, "image_quantity_level-Accuracy": {"Few": 0, "Medium": 0.3333333333333333, "Many": 0.2702702702702703}, "image_quantity_level-Result": {"Few": [0, 0], "Medium": [5, 15], "Many": [50, 185]}}