{"Rouge-L f": 0.28623644868894965, "image_quantity_level-Accuracy": {"Few": 0.28623644868894965, "Medium": 0, "Many": 0}, "image_quantity_level-Result": {"Few": [57.24728973778994, 200], "Medium": [0, 0], "Many": [0, 0]}}