{"Accuracy": 0.31, "image_quantity_level-Accuracy": {"Few": 0, "Medium": 0.3018867924528302, "Many": 0.3191489361702128}, "image_quantity_level-Result": {"Few": [0, 0], "Medium": [32, 106], "Many": [30, 94]}}