{"Rouge-L f": 0.05863184670641477, "image_quantity_level-Accuracy": {"Few": 0.05863184670641477, "Medium": 0, "Many": 0}, "image_quantity_level-Result": {"Few": [11.726369341282956, 200], "Medium": [0, 0], "Many": [0, 0]}}