{"Accuracy": 0.35, "image_quantity_level-Accuracy": {"Few": 0, "Medium": 0.3709677419354839, "Many": 0.3157894736842105}, "image_quantity_level-Result": {"Few": [0, 0], "Medium": [46, 124], "Many": [24, 76]}}