{"Accuracy": 0.43, "image_quantity_level-Accuracy": {"Few": 0.4318181818181818, "Medium": 0.4166666666666667, "Many": 0}, "image_quantity_level-Result": {"Few": [76, 176], "Medium": [10, 24], "Many": [0, 0]}}