{"Accuracy": 0.33, "image_quantity_level-Accuracy": {"Few": 0, "Medium": 0.31386861313868614, "Many": 0.36507936507936506}, "image_quantity_level-Result": {"Few": [0, 0], "Medium": [43, 137], "Many": [23, 63]}}