{"Accuracy": 0.305, "image_quantity_level-Accuracy": {"Few": 0.3333333333333333, "Medium": 0.291044776119403, "Many": 0}, "image_quantity_level-Result": {"Few": [22, 66], "Medium": [39, 134], "Many": [0, 0]}}