{"Rouge-L f": 0.15850167586226654, "image_quantity_level-Accuracy": {"Few": 0.15850167586226654, "Medium": 0, "Many": 0}, "image_quantity_level-Result": {"Few": [31.700335172453293, 200], "Medium": [0, 0], "Many": [0, 0]}}