{"Rouge-L f": 0.2972940997231354, "image_quantity_level-Accuracy": {"Few": 0.2972940997231354, "Medium": 0, "Many": 0}, "image_quantity_level-Result": {"Few": [59.45881994462711, 200], "Medium": [0, 0], "Many": [0, 0]}}