{"Rouge-L f": 0.28942536886943027, "image_quantity_level-Accuracy": {"Few": 0.28942536886943027, "Medium": 0, "Many": 0}, "image_quantity_level-Result": {"Few": [57.88507377388604, 200], "Medium": [0, 0], "Many": [0, 0]}}