{"Rouge-L f": 0.04992288649608326, "image_quantity_level-Accuracy": {"Few": 0.04992288649608326, "Medium": 0, "Many": 0}, "image_quantity_level-Result": {"Few": [9.984577299216653, 200], "Medium": [0, 0], "Many": [0, 0]}}