{"Accuracy": 0.32, "image_quantity_level-Accuracy": {"Few": 0, "Medium": 0.35555555555555557, "Many": 0.24615384615384617}, "image_quantity_level-Result": {"Few": [0, 0], "Medium": [48, 135], "Many": [16, 65]}}