{"Rouge-L f": 0.1979764108028685, "image_quantity_level-Accuracy": {"Few": 0.1979764108028685, "Medium": 0, "Many": 0}, "image_quantity_level-Result": {"Few": [39.59528216057373, 200], "Medium": [0, 0], "Many": [0, 0]}}