{"Accuracy": 0.32, "image_quantity_level-Accuracy": {"Few": 0, "Medium": 0.29245283018867924, "Many": 0.35106382978723405}, "image_quantity_level-Result": {"Few": [0, 0], "Medium": [31, 106], "Many": [33, 94]}}