{"Rouge-L f": 0.19296796483159442, "image_quantity_level-Accuracy": {"Few": 0.19296796483159442, "Medium": 0, "Many": 0}, "image_quantity_level-Result": {"Few": [38.593592966318916, 200], "Medium": [0, 0], "Many": [0, 0]}}