{"Accuracy": 0.485, "image_quantity_level-Accuracy": {"Few": 0, "Medium": 0.5483870967741935, "Many": 0.3815789473684211}, "image_quantity_level-Result": {"Few": [0, 0], "Medium": [68, 124], "Many": [29, 76]}}