{"Accuracy": 0.53, "image_quantity_level-Accuracy": {"Few": 0.4393939393939394, "Medium": 0.5746268656716418, "Many": 0}, "image_quantity_level-Result": {"Few": [29, 66], "Medium": [77, 134], "Many": [0, 0]}}