{"Accuracy": 0.305, "image_quantity_level-Accuracy": {"Few": 0, "Medium": 0.2830188679245283, "Many": 0.32978723404255317}, "image_quantity_level-Result": {"Few": [0, 0], "Medium": [30, 106], "Many": [31, 94]}}