{"Accuracy": 0.52, "image_quantity_level-Accuracy": {"Few": 0.45454545454545453, "Medium": 0.5522388059701493, "Many": 0}, "image_quantity_level-Result": {"Few": [30, 66], "Medium": [74, 134], "Many": [0, 0]}}