{"Accuracy": 0.44, "image_quantity_level-Accuracy": {"Few": 0, "Medium": 0.4413793103448276, "Many": 0.43636363636363634}, "image_quantity_level-Result": {"Few": [0, 0], "Medium": [64, 145], "Many": [24, 55]}}