{"Rouge-L f": 0.17957674495819895, "image_quantity_level-Accuracy": {"Few": 0.17957674495819895, "Medium": 0, "Many": 0}, "image_quantity_level-Result": {"Few": [35.9153489916398, 200], "Medium": [0, 0], "Many": [0, 0]}}