{"Accuracy": 0.51, "image_quantity_level-Accuracy": {"Few": 0.4696969696969697, "Medium": 0.5298507462686567, "Many": 0}, "image_quantity_level-Result": {"Few": [31, 66], "Medium": [71, 134], "Many": [0, 0]}}