{"Accuracy": 0.515, "image_quantity_level-Accuracy": {"Few": 0.4393939393939394, "Medium": 0.5522388059701493, "Many": 0}, "image_quantity_level-Result": {"Few": [29, 66], "Medium": [74, 134], "Many": [0, 0]}}