{"Accuracy": 0.37, "image_quantity_level-Accuracy": {"Few": 0, "Medium": 0.35766423357664234, "Many": 0.3968253968253968}, "image_quantity_level-Result": {"Few": [0, 0], "Medium": [49, 137], "Many": [25, 63]}}