{"Accuracy": 0.435, "image_quantity_level-Accuracy": {"Few": 0, "Medium": 0.4206896551724138, "Many": 0.4727272727272727}, "image_quantity_level-Result": {"Few": [0, 0], "Medium": [61, 145], "Many": [26, 55]}}