{"Rouge-L f": 0.08300273702742925, "image_quantity_level-Accuracy": {"Few": 0.08300273702742925, "Medium": 0, "Many": 0}, "image_quantity_level-Result": {"Few": [16.600547405485855, 200], "Medium": [0, 0], "Many": [0, 0]}}