{"Accuracy": 0.405, "image_quantity_level-Accuracy": {"Few": 0, "Medium": 0.4011299435028249, "Many": 0.43478260869565216}, "image_quantity_level-Result": {"Few": [0, 0], "Medium": [71, 177], "Many": [10, 23]}}