{"Accuracy": 0.52, "image_quantity_level-Accuracy": {"Few": 0, "Medium": 0.5185185185185185, "Many": 0.5230769230769231}, "image_quantity_level-Result": {"Few": [0, 0], "Medium": [70, 135], "Many": [34, 65]}}