{"Accuracy": 0.64, "image_quantity_level-Accuracy": {"Few": 0.6486486486486487, "Medium": 0.5333333333333333, "Many": 0}, "image_quantity_level-Result": {"Few": [120, 185], "Medium": [8, 15], "Many": [0, 0]}}