{"Rouge-L f": 0.06600344681175828, "image_quantity_level-Accuracy": {"Few": 0.06600344681175828, "Medium": 0, "Many": 0}, "image_quantity_level-Result": {"Few": [13.200689362351657, 200], "Medium": [0, 0], "Many": [0, 0]}}