{"Accuracy": 0.48, "image_quantity_level-Accuracy": {"Few": 0.4696969696969697, "Medium": 0.48507462686567165, "Many": 0}, "image_quantity_level-Result": {"Few": [31, 66], "Medium": [65, 134], "Many": [0, 0]}}