{"Rouge-L f": 0.27818834608249604, "image_quantity_level-Accuracy": {"Few": 0.27818834608249604, "Medium": 0, "Many": 0}, "image_quantity_level-Result": {"Few": [55.6376692164992, 200], "Medium": [0, 0], "Many": [0, 0]}}