{"Accuracy": 0.165, "image_quantity_level-Accuracy": {"Few": 0, "Medium": 0.18518518518518517, "Many": 0.12307692307692308}, "image_quantity_level-Result": {"Few": [0, 0], "Medium": [25, 135], "Many": [8, 65]}}