{"Accuracy": 0.305, "image_quantity_level-Accuracy": {"Few": 0, "Medium": 0.3333333333333333, "Many": 0.24615384615384617}, "image_quantity_level-Result": {"Few": [0, 0], "Medium": [45, 135], "Many": [16, 65]}}