{"Accuracy": 0.34, "image_quantity_level-Accuracy": {"Few": 0, "Medium": 0.3284671532846715, "Many": 0.36507936507936506}, "image_quantity_level-Result": {"Few": [0, 0], "Medium": [45, 137], "Many": [23, 63]}}