{"Rouge-L f": 0.19674372386057343, "image_quantity_level-Accuracy": {"Few": 0.19674372386057343, "Medium": 0, "Many": 0}, "image_quantity_level-Result": {"Few": [39.34874477211469, 200], "Medium": [0, 0], "Many": [0, 0]}}