{"Rouge-L f": 0.1934834316211712, "image_quantity_level-Accuracy": {"Few": 0.1934834316211712, "Medium": 0, "Many": 0}, "image_quantity_level-Result": {"Few": [38.69668632423426, 200], "Medium": [0, 0], "Many": [0, 0]}}