{"Accuracy": 0.45, "image_quantity_level-Accuracy": {"Few": 0, "Medium": 0.4666666666666667, "Many": 0.4153846153846154}, "image_quantity_level-Result": {"Few": [0, 0], "Medium": [63, 135], "Many": [27, 65]}}