{"Accuracy": 0.075, "image_quantity_level-Accuracy": {"Few": 0, "Medium": 0.072992700729927, "Many": 0.07936507936507936}, "image_quantity_level-Result": {"Few": [0, 0], "Medium": [10, 137], "Many": [5, 63]}}