{"Accuracy": 0.4, "image_quantity_level-Accuracy": {"Few": 0.4166666666666667, "Medium": 0.38461538461538464, "Many": 0}, "image_quantity_level-Result": {"Few": [40, 96], "Medium": [40, 104], "Many": [0, 0]}}