{"Rouge-L f": 0.09814449703893054, "image_quantity_level-Accuracy": {"Few": 0.09814449703893054, "Medium": 0, "Many": 0}, "image_quantity_level-Result": {"Few": [19.628899407786108, 200], "Medium": [0, 0], "Many": [0, 0]}}