{"Accuracy": 0.355, "image_quantity_level-Accuracy": {"Few": 0, "Medium": 0.3709677419354839, "Many": 0.32894736842105265}, "image_quantity_level-Result": {"Few": [0, 0], "Medium": [46, 124], "Many": [25, 76]}}