{"Accuracy": 0.23, "image_quantity_level-Accuracy": {"Few": 0, "Medium": 0.24528301886792453, "Many": 0.2127659574468085}, "image_quantity_level-Result": {"Few": [0, 0], "Medium": [26, 106], "Many": [20, 94]}}