{"Rouge-L f": 0.2756703057886243, "image_quantity_level-Accuracy": {"Few": 0.2756703057886243, "Medium": 0, "Many": 0}, "image_quantity_level-Result": {"Few": [55.134061157724865, 200], "Medium": [0, 0], "Many": [0, 0]}}