{"Accuracy": 0.375, "image_quantity_level-Accuracy": {"Few": 0, "Medium": 0.35766423357664234, "Many": 0.4126984126984127}, "image_quantity_level-Result": {"Few": [0, 0], "Medium": [49, 137], "Many": [26, 63]}}