{"Rouge-L f": 0.154401131393082, "image_quantity_level-Accuracy": {"Few": 0.154401131393082, "Medium": 0, "Many": 0}, "image_quantity_level-Result": {"Few": [30.8802262786164, 200], "Medium": [0, 0], "Many": [0, 0]}}