{"Rouge-L f": 0.1792976322485471, "image_quantity_level-Accuracy": {"Few": 0.1792976322485471, "Medium": 0, "Many": 0}, "image_quantity_level-Result": {"Few": [35.85952644970943, 200], "Medium": [0, 0], "Many": [0, 0]}}