{"Accuracy": 0.335, "image_quantity_level-Accuracy": {"Few": 0, "Medium": 0.3548387096774194, "Many": 0.3026315789473684}, "image_quantity_level-Result": {"Few": [0, 0], "Medium": [44, 124], "Many": [23, 76]}}