{"Accuracy": 0.41, "image_quantity_level-Accuracy": {"Few": 0, "Medium": 0.4067796610169492, "Many": 0.43478260869565216}, "image_quantity_level-Result": {"Few": [0, 0], "Medium": [72, 177], "Many": [10, 23]}}