{"Accuracy": 0.51, "image_quantity_level-Accuracy": {"Few": 0.45454545454545453, "Medium": 0.5373134328358209, "Many": 0}, "image_quantity_level-Result": {"Few": [30, 66], "Medium": [72, 134], "Many": [0, 0]}}