{"Accuracy": 0.26, "image_quantity_level-Accuracy": {"Few": 0, "Medium": 0.3333333333333333, "Many": 0.25405405405405407}, "image_quantity_level-Result": {"Few": [0, 0], "Medium": [5, 15], "Many": [47, 185]}}