{"Accuracy": 0.075, "image_quantity_level-Accuracy": {"Few": 0.16666666666666666, "Medium": 0.029850746268656716, "Many": 0}, "image_quantity_level-Result": {"Few": [11, 66], "Medium": [4, 134], "Many": [0, 0]}}