{"Rouge-L f": 0.15914985777845583, "image_quantity_level-Accuracy": {"Few": 0.15914985777845583, "Medium": 0, "Many": 0}, "image_quantity_level-Result": {"Few": [31.82997155569118, 200], "Medium": [0, 0], "Many": [0, 0]}}