{"Accuracy": 0.285, "image_quantity_level-Accuracy": {"Few": 0, "Medium": 0.22758620689655173, "Many": 0.43636363636363634}, "image_quantity_level-Result": {"Few": [0, 0], "Medium": [33, 145], "Many": [24, 55]}}