{"Accuracy": 0.215625, "image_quantity_level-Accuracy": {"Few": 0.9, "Medium": 0.2692307692307692, "Many": 0.09411764705882353}, "image_quantity_level-Result": {"Few": [18, 20], "Medium": [35, 130], "Many": [16, 170]}}