{"Accuracy": 0.415, "image_quantity_level-Accuracy": {"Few": 0.4318181818181818, "Medium": 0.2916666666666667, "Many": 0}, "image_quantity_level-Result": {"Few": [76, 176], "Medium": [7, 24], "Many": [0, 0]}}