{"Accuracy": 0.315, "image_quantity_level-Accuracy": {"Few": 0, "Medium": 0.3018867924528302, "Many": 0.32978723404255317}, "image_quantity_level-Result": {"Few": [0, 0], "Medium": [32, 106], "Many": [31, 94]}}