{"Accuracy": 0.305, "image_quantity_level-Accuracy": {"Few": 0, "Medium": 0.34074074074074073, "Many": 0.23076923076923078}, "image_quantity_level-Result": {"Few": [0, 0], "Medium": [46, 135], "Many": [15, 65]}}