{"Accuracy": 0.25, "image_quantity_level-Accuracy": {"Few": 0, "Medium": 0.2830188679245283, "Many": 0.2127659574468085}, "image_quantity_level-Result": {"Few": [0, 0], "Medium": [30, 106], "Many": [20, 94]}}