{"Accuracy": 0.525, "image_quantity_level-Accuracy": {"Few": 0.42424242424242425, "Medium": 0.5746268656716418, "Many": 0}, "image_quantity_level-Result": {"Few": [28, 66], "Medium": [77, 134], "Many": [0, 0]}}