{"Accuracy": 0.09375, "image_quantity_level-Accuracy": {"Few": 0.95, "Medium": 0.046153846153846156, "Many": 0.029411764705882353}, "image_quantity_level-Result": {"Few": [19, 20], "Medium": [6, 130], "Many": [5, 170]}}