{"Accuracy": 0.32, "image_quantity_level-Accuracy": {"Few": 0, "Medium": 0.3387096774193548, "Many": 0.2894736842105263}, "image_quantity_level-Result": {"Few": [0, 0], "Medium": [42, 124], "Many": [22, 76]}}